{
"root": [
{"Folder": "Videos", "filename": "file1.mp4", "size": 77},
{"Folder": "Videos", "filename": "file2.mp4", "size": 10},
{"Folder": "Videos", "filename": "file3.mp4", "size": 98},
{"Folder": "Videos", "filename": "file4.mp4", "size": 101},
{"Folder": "Audio", "filename": "file2.mp3", "size": 10},
{"Folder": "Audio", "filename": "file3.mp3", "size": 4},
{"Folder": "Videos", "filename": "file8.mp4", "size": 80},
{"Folder": "Videos", "filename": "file9.mp4", "size": 77},
{"Folder": "Document", "filename": "file2.pdf", "size": 1},
{"Folder": "Document", "filename": "file3.doc", "size": 3},
{"Folder": "Videos", "filename": "file10.avi", "size": 30},
{"Folder": "Videos", "filename": "file11.mp4", "size": 207},
{"Folder": "Videos", "filename": "file12.mp4", "size": 40},
{"Folder": "Videos", "filename": "file13.avi", "size": 100},
{"Folder": "Videos", "filename": "file14.mp4", "size": 60},
{"Folder": "Audio", "filename": "file1.mp3", "size": 1},
{"Folder": "Audio", "filename": "file4.mp3", "size": 5},
{"Folder": "Misc", "filename": "file11.xls", "size": 2},
{"Folder": "Misc", "filename": "file11.xls", "size": 3},
{"Folder": "Audio", "filename": "file5.mp3", "size": 8},
{"Folder": "Audio", "filename": "file10.wav", "size": 1},
{"Folder": "Audio", "filename": "file11.mp3", "size": 1},
{"Folder": "Document", "filename": "file1.pdf", "size": 1},
{"Folder": "Document", "filename": "file4.pdf", "size": 1},
{"Folder": "Videos", "filename": "file5.mp4", "size": 30},
{"Folder": "Videos", "filename": "file6.mp4", "size": 60},
{"Folder": "Videos", "filename": "file7.avi", "size": 50},
{"Folder": "Document", "filename": "file5.doc", "size": 4},
{"Folder": "Misc", "filename": "file11.py", "size": 1},
{"Folder": "Document", "filename": "file6.pdf", "size": 1},
{"Folder": "Document", "filename": "file7.doc", "size": 1},
{"Folder": "Document", "filename": "file8.pdf", "size": 2},
{"Folder": "Document", "filename": "file9.pdf", "size": 2},
{"Folder": "Document", "filename": "file10.pdf", "size": 2},
{"Folder": "Document", "filename": "file11.doc", "size": 2},
{"Folder": "Misc", "filename": "file11.ppt", "size": 1},
{"Folder": "Misc", "filename": "file11.ppt", "size": 3},
{"Folder": "Misc", "filename": "file11.js", "size": 1},
{"Folder": "Misc", "filename": "file11.js", "size": 1},
{"Folder": "Audio", "filename": "file6.wav", "size": 19},
{"Folder": "Audio", "filename": "file7.mp3", "size": 10},
{"Folder": "Audio", "filename": "file8.wav", "size": 1},
{"Folder": "Audio", "filename": "file9.mp3", "size": 14},
{"Folder": "Misc", "filename": "file11.c", "size": 1}
]
}

